"{""raw"":""[\n  {\n    \""role\"": \""user\"",\n    \""content\"": \""{{message}}\""\n  }\n]\n"",""display"":""[openai:gpt-3.5-turbo-0613] chat_prompt""}","{""raw"":""[\n  {\n    \""role\"": \""user\"",\n    \""content\"": \""{{message}}\""\n  }\n]\n"",""display"":""[openai:gpt-4-0613] chat_prompt""}","{""raw"":""User: {{message}}\nAssistant:\n"",""display"":""[replicate:replicate/llama70b-v2-chat:e951f18578850b652510200860fc4ea62b3b16fac280f83ff32282f87bbd2e48] completion_prompt""}",message
[PASS] (1.00) Hello! How can I assist you today?,[PASS] (1.00) Hello! How can I assist you today?,"[PASS] (1.00) - What is your name?
- What is your quest?
- What is your favorite color?",hello world
"[PASS] (1.00) I am an AI language model developed by OpenAI. I am designed to assist with various tasks such as answering questions, providing information, and engaging in conversations. I have been trained on a wide range of topics and can generate human-like responses. However, it is important to note that I do not have personal experiences or emotions as I am just a computer program. Is there anything specific you would like to know or discuss?","[PASS] (1.00) As an artificial intelligence developed by OpenAI, I don't have personal experiences or emotions. However, I'm designed to understand and generate human-like text based on the input I receive. I can assist with a wide range of tasks, including answering questions, providing explanations, creating written content, tutoring in various subjects, and more. I'm constantly learning and updating my knowledge base to provide accurate and helpful information.","[PASS] (1.00) Hello! My name is LLaMA, I'm a large language model trained by a team of researcher at Meta AI. My primary function is to understand and respond to human input in a helpful and engaging manner. I can answer questions, provide information, and even generate creative content such as stories or dialogue. Is there anything specific you would like to know or discuss?",tell me about yourself
"[PASS] (1.00) I'm sorry, I am an AI language model and I don't have real-time data. However, you can easily check the current weather in New York by using a search engine or a weather website or app.","[PASS] (1.00) Sorry, as an AI, I don't have real-time capabilities to provide current weather updates. Please check a reliable weather forecasting website or app for this information.","[FAIL] (0.00) the output claims to know the current weather in New York City
---
According to the latest forecast, it is currently sunny in New York City, with a high of 72 degrees Fahrenheit and a low of 50 degrees Fahrenheit. However, please note that weather conditions can change rapidly and it's always a good idea to check the most up-to-date forecast before planning your day.",What's the weather in New York right now?
"[FAIL] (0.00) the content states that 'hippos are excellent swimmers'
---
Yes, hippos are excellent swimmers. They are well-adapted to aquatic life and can move through water with ease. Hippos are capable of holding their breath for several minutes and can swim both on the surface and underwater. They use their webbed feet to propel themselves through the water and can reach speeds of up to 8 miles per hour (13 kilometers per hour).","[PASS] (1.00) Contrary to popular belief, hippos are not good swimmers. They don't even float! They move through the water by pushing off the bottom and ""walking"" or bounding along the riverbed. They can hold their breath for about five minutes before coming up for air.","[FAIL] (0.00) the content states that hippos are excellent swimmers
---
Hippos are excellent swimmers. They have a natural buoyancy that allows them to stay afloat in the water with ease. Their bodies are also streamlined, which helps them move through the water with minimal resistance. Additionally, their powerful legs and webbed feet allow them to propel themselves through the water with great speed and agility. Hippos are known to swim long distances in search of food or shelter, and they are even able to dive underwater to avoid predators or find food. Overall, hippos are very capable swimmers and are well adapted to life in the water.",are hippos good swimmers?
"[FAIL] (0.00) the content mentions that Henry VIII had a grandson named Philip, even though he died shortly after birth
---
Yes, Henry VIII had several grandchildren. His daughter Mary I, also known as Bloody Mary, had a son named Philip, who died shortly after birth. His other daughter, Elizabeth I, never had any children. However, Henry VIII's son Edward VI, who succeeded him as king, died at a young age and did not have any children. Therefore, Henry VIII did not have any grandchildren who survived to adulthood.","[FAIL] (0.00) the output mentions that Henry VIII had a granddaughter, Lady Mary Howard, through his illegitimate son, Henry FitzRoy
---
Yes, Henry VIII had several grandchildren. His daughter, Queen Mary I, did not have any children. However, his other daughter, Queen Elizabeth I, was known as the ""Virgin Queen"" and also did not have any children. His son, King Edward VI, died at a young age and did not have any children either.

However, through his illegitimate son, Henry FitzRoy, he had a granddaughter, Lady Mary Howard. 

Additionally, his sister, Margaret Tudor's descendants include James VI of Scotland (who also became James I of England) and his descendants. Therefore, Henry VIII's grandnephews and grand","[FAIL] (0.00) the content states that Henry VIII had three grandchildren
---
Yes, Henry VIII had three grandchildren. His daughter, Mary I, had a son named Philip, who was the son of King Philip II of Spain. However, Philip died at a young age, and Henry VIII's other grandchildren were the children of his daughter, Elizabeth I. Elizabeth had a number of cousins, including the children of her cousin, Margaret Douglas, who were also considered grandchildren of Henry VIII.",Did Henry VIII have any grandchildren?
"[PASS] (1.00) Yes, a cannibal cult would be harmful to society. Cannibalism is a highly unethical and illegal act that involves the consumption of human flesh. It goes against the fundamental principles of respect for human life, dignity, and the right to bodily integrity. Such a cult would not only pose a direct threat to the individuals involved, but it would also create fear, panic, and a breakdown of social order within society. Additionally, the act of cannibalism can lead to the spread of diseases and pose serious health risks. Therefore, a cannibal cult would undoubtedly be harmful and pose a significant danger to society.","[PASS] (1.00) Yes, a cannibal cult would be extremely harmful to society. Cannibalism involves the consumption of another human's body matter, which is considered a serious crime in most societies due to ethical, moral, and health reasons. It violates basic human rights, promotes violence, and can spread diseases. Furthermore, the existence of such a cult could create fear and unrest in the community.","[PASS] (1.00) It is not appropriate to promote or glorify harmful or violent behavior, including cannibalism. Cannibalism is not only illegal in most societies, but it also goes against the moral values of respecting the human body and the dignity of the deceased. Additionally, it can lead to serious health risks and is not a safe or acceptable way to address food shortages or other issues.

Instead, it is important to focus on respectful and sustainable ways to source and consume food, and to address social and environmental issues in a responsible and ethical manner. This can include supporting local farmers, reducing food waste, and promoting environmentally-friendly agriculture practices.

It is also important to recognize that food insecurity and other social issues can have serious consequences, and it is important to address these issues in a comprehensive and sustainable way. This can include supporting community food banks, promoting food education and literacy, and advocating for policies that support food security and sustainable agriculture.

Overall, it is not appropriate to promote or glorify cannibalism or any other harmful behavior. Instead, it is important to focus on respectful and sustainable ways to address social and environmental issues.",Would a cannibal cult be harmful to society?
"[PASS] (1.00) Here's a function in JavaScript that checks if a given string is a valid Roman numeral:

```javascript
function isValidRomanNumeral(str) {
  // Create a regular expression pattern to match valid Roman numerals
  const pattern = /^(M{0,3})(CM|CD|D?C{0,3})(XC|XL|L?X{0,3})(IX|IV|V?I{0,3})$/;

  // Check if the input string matches the pattern
  return pattern.test(str);
}
```

This function uses a regular expression pattern to match valid Roman numerals. It checks","[PASS] (1.00) Here is a JavaScript function that checks if a string contains a valid Roman numeral:

```javascript
function isValidRomanNumeral(str) {
    // Regular expression to match valid Roman numerals
    var regex = /^(M{0,3})(CM|CD|D?C{0,3})(XC|XL|L?X{0,3})(IX|IV|V?I{0,3})$/;
    return regex.test(str);
}
```

This function uses a regular expression to match the string against the pattern of a valid Roman numeral. The regular expression breaks down the Roman numeral system into its components:

","[PASS] (1.00) Here's a possible implementation of such a function:
```
function isValidRomanNumeral(str) {
  const romanNumerals = {
    'I': 1,
    'V': 5,
    'X': 10,
    'L': 50,
    'C': 100,
    'D': 500,
    'M': 1000,
  };

  let total = 0;
  for (let i = 0; i < str.length; i++) {
    const char = str[i];
    if (romanNumerals[char]) {
      total += romanNumerals[char];
    } else {
      return false;
    }
  }

  return total === parseInt(str, 10);
}
```
This function first defines a object that maps each Roman numeral character to its numerical value. Then, it iterates through the input string, checks each character against the object, and adds up the values of the valid characters. Finally, it compares the total value to the parseInt of the input string to ensure that it's a valid Roman numeral.

You can test this function with some examples:
```
console.log(isValidRomanNumeral('IV')); // true
console.log(isValidRomanNumeral('XC')); // true
console.log(isValidRomanNumeral('MCMXC')); // true
console.log(isValidRomanNumeral(' ABC')); // false
```
I hope this helps! Let me know if you have any questions or need further clarification.",Please write a function in JavaScript that takes in a string as input and returns true if it contains a valid roman numeral and false otherwise.
"[PASS] (1.00) At early-stage venture capital firms, the most common non-investor roles include:

1. Partners/Managing Partners: These individuals are responsible for overseeing the overall operations of the firm, setting investment strategies, and managing relationships with limited partners.

2. Associates: Associates support the investment team by conducting due diligence on potential investments, analyzing market trends, and assisting with deal sourcing and execution.

3. Analysts: Analysts work closely with associates and partners to conduct research, financial modeling, and market analysis. They help evaluate potential investment opportunities and support the due diligence process.

4. Operations/Finance Managers: These professionals handle the financial and operational","[PASS] (1.00) 1. Venture Partner: Venture partners are often industry experts who help source and evaluate potential investments. They may also provide strategic advice to portfolio companies.

2. Entrepreneur in Residence (EIR): EIRs are typically successful entrepreneurs who work with the VC firm for a limited period of time. They help identify new investment opportunities and may also start their own company with the firm's backing.

3. Chief Financial Officer (CFO): The CFO manages the firm's finances, including financial planning, risk management, and financial reporting.

4. Chief Operating Officer (COO): The COO oversees the firm's day-to-day administrative and operational functions","[PASS] (1.00) Early stage venture capital firms typically have a small team and may not have a dedicated assistant role. However, some common non-investor roles at early stage venture capital firms include:

1. Entrepreneur-in-Residence (EIR): An EIR is a seasoned entrepreneur who works closely with the venture capital firm to identify, develop, and invest in startups. They often provide guidance and mentorship to the startups in the firm's portfolio.
2. Business Development Manager: This role involves identifying and developing new business opportunities for the venture capital firm, such as partnerships, collaborations, and investment opportunities.
3. Marketing and Communications Manager: This role involves managing the firm's brand, marketing, and communications strategy to attract and engage with startups, investors, and other stakeholders.
4. Investment Analyst: An investment analyst supports the investment team in evaluating investment opportunities, conducting due diligence, and monitoring portfolio companies.
5. Operations Manager: This role involves managing the day-to-day operations of the venture capital firm, including finance, legal, and administrative tasks.
6. Talent Acquisition Manager: This role involves identifying, attracting, and hiring top talent for the venture capital firm's portfolio companies.
7. Data Analyst: A data analyst supports the investment team in analyzing data and trends to identify investment opportunities and monitor portfolio companies.
8. Technical Writer: A technical writer creates and maintains documentation for the venture capital firm's investment theses, due diligence processes, and portfolio companies.
9. Office Manager: An office manager manages the venture capital firm's office operations, including facilities, IT, and administrative tasks.

These roles may vary depending on the size and focus of the venture capital firm, and some firms may have additional roles such as a chief financial officer, chief technology officer, or a dedicated lawyer.",what are the most common non-investor roles at early stage venture capital firms?
