index,label,image_base64
56864,Ankle boot,/9j/4AAQSkZJRgABAQAAAQABAAD/2wBDAAgGBgcGBQgHBwcJCQgKDBQNDAsLDBkSEw8UHRofHh0aHBwgJC4nICIsIxwcKDcpLDAxNDQ0Hyc5PTgyPC4zNDL/wAALCAAcABwBAREA/8QAHwAAAQUBAQEBAQEAAAAAAAAAAAECAwQFBgcICQoL/8QAtRAAAgEDAwIEAwUFBAQAAAF9AQIDAAQRBRIhMUEGE1FhByJxFDKBkaEII0KxwRVS0fAkM2JyggkKFhcYGRolJicoKSo0NTY3ODk6Q0RFRkdISUpTVFVWV1hZWmNkZWZnaGlqc3R1dnd4eXqDhIWGh4iJipKTlJWWl5iZmqKjpKWmp6ipqrKztLW2t7i5usLDxMXGx8jJytLT1NXW19jZ2uHi4+Tl5ufo6erx8vP09fb3+Pn6/9oACAEBAAA/APn+iunuvh54ptrG1vU0me6t7mNJEa0XzSNy7sMq/Mpx6jHoTXP3dldWEwhvLeSCXaG8uVSrAHpkHkVBiuy8GfDrWPFV5byvaz2+ksw8y7ZdoZe4jz949uMgd6+oreyRHUlESJIxGkZH3QOpz17Ba+dPjTp0qfEGSeK3kK3FtFJvCk7sZTP/AI7j8K6/wz44+HUNjaBkh02WBVVY7mxMhUjHzBkVucjOeCTzXcR/ETwcuc+IdNOe++QHH/fNK3xF8JspA8S6cM453N0Hb7tch4m8deB7jUYmlubW/ZYtvmCKRsDc3Gdv4/jXz7RRRX//2Q==
19563,Pullover,/9j/4AAQSkZJRgABAQAAAQABAAD/2wBDAAgGBgcGBQgHBwcJCQgKDBQNDAsLDBkSEw8UHRofHh0aHBwgJC4nICIsIxwcKDcpLDAxNDQ0Hyc5PTgyPC4zNDL/wAALCAAcABwBAREA/8QAHwAAAQUBAQEBAQEAAAAAAAAAAAECAwQFBgcICQoL/8QAtRAAAgEDAwIEAwUFBAQAAAF9AQIDAAQRBRIhMUEGE1FhByJxFDKBkaEII0KxwRVS0fAkM2JyggkKFhcYGRolJicoKSo0NTY3ODk6Q0RFRkdISUpTVFVWV1hZWmNkZWZnaGlqc3R1dnd4eXqDhIWGh4iJipKTlJWWl5iZmqKjpKWmp6ipqrKztLW2t7i5usLDxMXGx8jJytLT1NXW19jZ2uHi4+Tl5ufo6erx8vP09fb3+Pn6/9oACAEBAAA/AOE+Fnhaw1qW+1DUbYXMdptEUTn5C3JJYd8ADjpzzXsDWOnS26W7aRYywrjbEbVdqgHIxjBAz6YpdStrTWYRb6lY2t2pG1VlgU7B/snGU/4Divm/xPpiaN4n1LTo/wDVQXDLGM5wucj9CK9a+Dwjg8JXEsxCxy3UwLH08tB/M13NvKsO5JoVkX6cg4I6/wBKS3YzXykhVBbO3G0Y9BXgvxPj8v4iarxgMYn+uYkNdx4Nf7L8K1dfvS3QUfV544/5V6FKh82TA43tz+JqhqDPbrZSqxUrqNlnnsbhFI/I1498WVx46mf+/bxH8lx/Ssm18YalZ+G4dIgW3WCC5W4WTaS5YNuAOTjGQOMdq6AfGLxD1NlpbHOSTFIM/k9Rz/FHXNX8qylttPhiknhLGGJg3ySK4wSxxyoqn8T7p7rxrMXVV2RIgC56cnufev/Z
21860,Pullover,/9j/4AAQSkZJRgABAQAAAQABAAD/2wBDAAgGBgcGBQgHBwcJCQgKDBQNDAsLDBkSEw8UHRofHh0aHBwgJC4nICIsIxwcKDcpLDAxNDQ0Hyc5PTgyPC4zNDL/wAALCAAcABwBAREA/8QAHwAAAQUBAQEBAQEAAAAAAAAAAAECAwQFBgcICQoL/8QAtRAAAgEDAwIEAwUFBAQAAAF9AQIDAAQRBRIhMUEGE1FhByJxFDKBkaEII0KxwRVS0fAkM2JyggkKFhcYGRolJicoKSo0NTY3ODk6Q0RFRkdISUpTVFVWV1hZWmNkZWZnaGlqc3R1dnd4eXqDhIWGh4iJipKTlJWWl5iZmqKjpKWmp6ipqrKztLW2t7i5usLDxMXGx8jJytLT1NXW19jZ2uHi4+Tl5ufo6erx8vP09fb3+Pn6/9oACAEBAAA/APENItY555HljEiRoW2EkZOCe3sDXWWeualpkRg0zULmwiZtzx2kpiVjjGSBxnHfrVS/8vVBJJdxie5fLPcNnzWb1LZ5P1zXGkYOD1roPDEcJu43uP8Aj3MoWbv8m1t36HP4VM0bB9pOSMAn3A5q5aqfs7kdTGw/Jgf5Vyl8oTULlB0WVh+prd0ALFp1xckA7UuAc/8AXAgfqRWi9qRcYb7ytyffNWbaFkQpgciRcf8AbJj/AOy1xepf8hS7/wCuz/8AoRrQ0didM1RD90Qlh9cH/AV0sV615KJpIowzDeducZ6+tTpcGXUbK3McYV53YkA54hcY69OTXBaic6ndk95n/ma//9k=
31488,Pullover,/9j/4AAQSkZJRgABAQAAAQABAAD/2wBDAAgGBgcGBQgHBwcJCQgKDBQNDAsLDBkSEw8UHRofHh0aHBwgJC4nICIsIxwcKDcpLDAxNDQ0Hyc5PTgyPC4zNDL/wAALCAAcABwBAREA/8QAHwAAAQUBAQEBAQEAAAAAAAAAAAECAwQFBgcICQoL/8QAtRAAAgEDAwIEAwUFBAQAAAF9AQIDAAQRBRIhMUEGE1FhByJxFDKBkaEII0KxwRVS0fAkM2JyggkKFhcYGRolJicoKSo0NTY3ODk6Q0RFRkdISUpTVFVWV1hZWmNkZWZnaGlqc3R1dnd4eXqDhIWGh4iJipKTlJWWl5iZmqKjpKWmp6ipqrKztLW2t7i5usLDxMXGx8jJytLT1NXW19jZ2uHi4+Tl5ufo6erx8vP09fb3+Pn6/9oACAEBAAA/APL/AIZ+GrbxT4yhsr1PMtIonnljyRvC4AXI5AyRX0jb6bYWVqlnb6bZR20f3YRbIVU+oBHX1PU1jeLfBml+K9KuI57GEXyQN9nukjCuhAO0ZGMrn+E8c8Yr5Xr1n9n6383xpqEuOE08qP8AeaWPH8jXvMrK0shQ5QuxU+ozxVmxVXkcNjOU/LPP9K+J5omhnkib7yMVP1BxXrfwIm+yXPiO9xzb2av/AN87n/8AZa9r04SS6VZSbSd9tE2cHnKKabLcSWev6UjJhbhbiLJyPmCBxx6YjNfI2tp5evain926lH/jxruvhNqc+nR+JVhWM+Zp7E7wTghWAI5/2jXBDVNQVFRb65CqoVQJmwABgAc12Hww1i9i+IOnyvK058uZcTszAAxnPf2FcjrEzXGuX87gB5LmR2x0yWJr/9k=
40228,Pullover,/9j/4AAQSkZJRgABAQAAAQABAAD/2wBDAAgGBgcGBQgHBwcJCQgKDBQNDAsLDBkSEw8UHRofHh0aHBwgJC4nICIsIxwcKDcpLDAxNDQ0Hyc5PTgyPC4zNDL/wAALCAAcABwBAREA/8QAHwAAAQUBAQEBAQEAAAAAAAAAAAECAwQFBgcICQoL/8QAtRAAAgEDAwIEAwUFBAQAAAF9AQIDAAQRBRIhMUEGE1FhByJxFDKBkaEII0KxwRVS0fAkM2JyggkKFhcYGRolJicoKSo0NTY3ODk6Q0RFRkdISUpTVFVWV1hZWmNkZWZnaGlqc3R1dnd4eXqDhIWGh4iJipKTlJWWl5iZmqKjpKWmp6ipqrKztLW2t7i5usLDxMXGx8jJytLT1NXW19jZ2uHi4+Tl5ufo6erx8vP09fb3+Pn6/9oACAEBAAA/APBrKzuNQvoLO0iaa4nkWOKNerMTgD86+t/BHhe20Hwlp9pcaVp8V6LdftZESMzSd9zD73pnJHpXjXxx8Ky6d4gi1mz02GDS54kjeSBFRfPy5IKjuQAc45/CvJq774MWpufilpTBQwhWaUgjPSNgP1Ir6itriK5t4ri3ffDMgkjb1UjIP5Vw/wAXFjuvhrrtsrebcWwt5m3DlQZVIPH+zur5Xr0v4Fv5XxAkmxkxafO4+oxX0NoVm1j4e0mzYYa3soIm+qxqD+ua5f4g27LoHjCVjmOfR7Yr7MjzA/oUr5WrtPhffy6d4uaaEKWNnOpDZxjb7EelaEXxr8YQwJEJbE7VC7jark4/Sr0XxA13xL4Q8Vf2k9u+LWKJfLi2bQXJPTr+Oa8tr//Z
845,Sandal,/9j/4AAQSkZJRgABAQAAAQABAAD/2wBDAAgGBgcGBQgHBwcJCQgKDBQNDAsLDBkSEw8UHRofHh0aHBwgJC4nICIsIxwcKDcpLDAxNDQ0Hyc5PTgyPC4zNDL/wAALCAAcABwBAREA/8QAHwAAAQUBAQEBAQEAAAAAAAAAAAECAwQFBgcICQoL/8QAtRAAAgEDAwIEAwUFBAQAAAF9AQIDAAQRBRIhMUEGE1FhByJxFDKBkaEII0KxwRVS0fAkM2JyggkKFhcYGRolJicoKSo0NTY3ODk6Q0RFRkdISUpTVFVWV1hZWmNkZWZnaGlqc3R1dnd4eXqDhIWGh4iJipKTlJWWl5iZmqKjpKWmp6ipqrKztLW2t7i5usLDxMXGx8jJytLT1NXW19jZ2uHi4+Tl5ufo6erx8vP09fb3+Pn6/9oACAEBAAA/APn+iiitjSdDF5NO2oSy2VrbwmZ28ks8nIVUjUkbmJYd+BkngGtzTvBml63ZEafr6warj5LDUIRAZD6K5bB/DPviuYv9J1DTL6SzvLSWK4jOGQrn+XBHuKrta3CY3QSrkZGUIq5Fr+swKFi1a+RV4AW4YAfTmpT4o15lKtq96ynqGmJB/OlTxVr8aBI9XvEQdFSUgfpVWfV9SuWDTahdSMBtBaVjgdcdfc1Sooor/9k=
8870,Sandal,/9j/4AAQSkZJRgABAQAAAQABAAD/2wBDAAgGBgcGBQgHBwcJCQgKDBQNDAsLDBkSEw8UHRofHh0aHBwgJC4nICIsIxwcKDcpLDAxNDQ0Hyc5PTgyPC4zNDL/wAALCAAcABwBAREA/8QAHwAAAQUBAQEBAQEAAAAAAAAAAAECAwQFBgcICQoL/8QAtRAAAgEDAwIEAwUFBAQAAAF9AQIDAAQRBRIhMUEGE1FhByJxFDKBkaEII0KxwRVS0fAkM2JyggkKFhcYGRolJicoKSo0NTY3ODk6Q0RFRkdISUpTVFVWV1hZWmNkZWZnaGlqc3R1dnd4eXqDhIWGh4iJipKTlJWWl5iZmqKjpKWmp6ipqrKztLW2t7i5usLDxMXGx8jJytLT1NXW19jZ2uHi4+Tl5ufo6erx8vP09fb3+Pn6/9oACAEBAAA/APn+iiirml6dJquoJZxSwxMyu2+ZtqKFUscnB7A10R8GiwngfUNQto4CUd0aWNZHTqcRlvMGRnGUGePWumv/AA94cuo4r2CSbUVh84y3CwNaxyIF3DzMgMGVTncF+cgj6eY3cKW15NBHcRXCRuUWaLOyQA43LkA4PXkCu20z4pX1qsK3+kabfmFdqyPGUk6YySOM49q05PjLNFJLPp/hrTLa6mcvNO5ZmkY9SSu0k/Umra/HbUBCFbRoS+3DYuZAp/4D6e2a5nVPifrup3Qn8uzgwu0LHESOpOTknnmuLooor//Z
25770,Sandal,/9j/4AAQSkZJRgABAQAAAQABAAD/2wBDAAgGBgcGBQgHBwcJCQgKDBQNDAsLDBkSEw8UHRofHh0aHBwgJC4nICIsIxwcKDcpLDAxNDQ0Hyc5PTgyPC4zNDL/wAALCAAcABwBAREA/8QAHwAAAQUBAQEBAQEAAAAAAAAAAAECAwQFBgcICQoL/8QAtRAAAgEDAwIEAwUFBAQAAAF9AQIDAAQRBRIhMUEGE1FhByJxFDKBkaEII0KxwRVS0fAkM2JyggkKFhcYGRolJicoKSo0NTY3ODk6Q0RFRkdISUpTVFVWV1hZWmNkZWZnaGlqc3R1dnd4eXqDhIWGh4iJipKTlJWWl5iZmqKjpKWmp6ipqrKztLW2t7i5usLDxMXGx8jJytLT1NXW19jZ2uHi4+Tl5ufo6erx8vP09fb3+Pn6/9oACAEBAAA/APn+pIYJbh9kMTyOAW2opJwBknjsBzUdPlhlt5TFNG8ci9UdSCPwNXtI0LVNeuvs2l2M91KOojXhfdj0Ue5Iru/+Faa7odsb/R9YSTW7NRLNa2hIZUbONjfx5APGAGwQCSMHqPDNlcan4ftvEeoaFaXmriN3tvs0KRPKucAuT8oYkE7sfKORya8+8Q+HPFGqavJeahbWEdxIBlIryABQOAPvknp3JPvU+i/EuXQ4Zo7PQdLiE2zzRGsihyoIBOH7ZP5mtKf4xXc0kcq6Hp0c0asqS/vWZA2NwUl+AcA4Oeeap3HxTvbuQyXFjbSSN1eQOzfmXrntZ8V3urXaTMI02R+WAqY4yT6n1rAooor/2Q==
58303,Shirt,/9j/4AAQSkZJRgABAQAAAQABAAD/2wBDAAgGBgcGBQgHBwcJCQgKDBQNDAsLDBkSEw8UHRofHh0aHBwgJC4nICIsIxwcKDcpLDAxNDQ0Hyc5PTgyPC4zNDL/wAALCAAcABwBAREA/8QAHwAAAQUBAQEBAQEAAAAAAAAAAAECAwQFBgcICQoL/8QAtRAAAgEDAwIEAwUFBAQAAAF9AQIDAAQRBRIhMUEGE1FhByJxFDKBkaEII0KxwRVS0fAkM2JyggkKFhcYGRolJicoKSo0NTY3ODk6Q0RFRkdISUpTVFVWV1hZWmNkZWZnaGlqc3R1dnd4eXqDhIWGh4iJipKTlJWWl5iZmqKjpKWmp6ipqrKztLW2t7i5usLDxMXGx8jJytLT1NXW19jZ2uHi4+Tl5ufo6erx8vP09fb3+Pn6/9oACAEBAAA/APOvhT4TtvFPid1v4jJZWkQlZCcK7lgqqfzJx/smvVdX+GvgzWrpJngksFQeUp0+RIUbHI3Ao2WwTkjn5e/UyXnwv8OXXhmTTbLSY0mjhbybksfOWXHys8mBuBJHBGMHgDINfNde2/BDytK8NeI9dlZHSL5niJOQkMbOxwOud/Hutek6fcO2k2JvZlNy9pCZJJHBJkMQLHaVJ4JHRSB7c4RbqSz8Uadavjyr61nIjRSuZIGikBHc/u2cAdwOc5JPzF4rsl07xbq9ohQpFdyBNhyNu4kc8dsVQ0+CS71C3tYmKyXEiwgj/aO3+tfXMrwxs0bSRIBlFdmQA4GM7dvUYTop7DIywHnPxmspf+EJs7tQqGC+UExoR8rxsDhiMkfKo9wQTnOa8DqxYXsunaja30IQy20yTIJF3KWUgjI7jI6V7X4d+JmrazbTNcafpqMkRlBiSRQWyRyN+O3pXG+OPiHqurQXegvaafBaGVdzQxN5jBT8oLMx9ByME45JHFefV//Z
3048,T-shirt/top,/9j/4AAQSkZJRgABAQAAAQABAAD/2wBDAAgGBgcGBQgHBwcJCQgKDBQNDAsLDBkSEw8UHRofHh0aHBwgJC4nICIsIxwcKDcpLDAxNDQ0Hyc5PTgyPC4zNDL/wAALCAAcABwBAREA/8QAHwAAAQUBAQEBAQEAAAAAAAAAAAECAwQFBgcICQoL/8QAtRAAAgEDAwIEAwUFBAQAAAF9AQIDAAQRBRIhMUEGE1FhByJxFDKBkaEII0KxwRVS0fAkM2JyggkKFhcYGRolJicoKSo0NTY3ODk6Q0RFRkdISUpTVFVWV1hZWmNkZWZnaGlqc3R1dnd4eXqDhIWGh4iJipKTlJWWl5iZmqKjpKWmp6ipqrKztLW2t7i5usLDxMXGx8jJytLT1NXW19jZ2uHi4+Tl5ufo6erx8vP09fb3+Pn6/9oACAEBAAA/AOM+EngCw8WyXt/qqSS2tqyxxwKxUSuwJOSOcAAcDqSPofXWbQ7O3S0h0bRYLRFEqQ3UCKzj5l3rFsJ+8ACzc43egpW0rw54tto7S+0XTriPBWGe1A2HbjKxyIFZe5x0xjucV87eOfDS+EvF97pEcrSwR7XhkbqyMoYZ9xnB9waPD3jnxH4Vtnt9G1E20LyGRkMMbgtgDPzKewFfT95DcahJK8UsZtLhQwWRdzFSAQMnJA6HjFY3jTXdY8N+DNV1hLuNr5DCISUBVcyAEbTwcqW7D1r5s8QeI9U8UaiL/V7kT3CxiJWEaphQSQMKB6n3rKr7Pt1AtoVxjEacf8BFcX8YIy/w01JgfuSQE/8AfwD+tfMlFfSEXxE1Ihs2Gn8DjiXjj/frlfHPjfUNa8EX1pPa2cUcrRhjEJM8OD3c+leM1//Z
